{
	"always-semicolon": true,
	"color-case": "upper",
	"block-indent": "\t",
	"color-shorthand": true,
	"element-case": "lower",
	"eof-newline": false,
	"leading-zero": true,
	"quotes": "single",
	"space-before-colon": "",
	"space-after-colon": " ",
	"space-before-combinator": " ",
	"space-after-combinator": " ",
	"space-between-declarations": "\n",
	"space-before-opening-brace": " ",
	"space-after-opening-brace": "\n",
	"space-before-selector-delimiter": "",
	"space-before-closing-brace": "\n",
	"unitless-zero": true,
	"vendor-prefix-align": true,
	"sort-order": [
		[
			"$variable",
			"$include"
		],
		[
			"animation",
			"animation-name",
			"animation-duration",
			"animation-play-state",
			"animation-timing-function",
			"animation-delay",
			"animation-iteration-count",
			"animation-direction",
			"transition",
			"transition-delay",
			"transition-timing-function",
			"transition-duration",
			"transition-property",
			"transform",
			"transform-origin",

			"display",
			"visibility",
			"float",
			"clear",
			"overflow",
			"overflow-x",
			"overflow-y",
			"-webkit-overflow-scrolling",
			"clip",
			"zoom",
			"flex-direction",
			"justify-content",
			"flex-order",
			"flex-pack",
			"flex-align",

			"position",
			"z-index",
			"top",
			"right",
			"bottom",
			"left",

			"color",
			"text-shadow",
			"font",
			"font-family",
			"font-size",
			"font-weight",
			"font-style",
			"font-variant",
			"font-size-adjust",
			"font-stretch",
			"font-effect",
			"font-emphasize",
			"font-emphasize-position",
			"font-emphasize-style",
			"font-smooth",
			"line-height",
			"text-align",
			"text-align-last",
			"vertical-align",
			"white-space",
			"text-decoration",
			"text-emphasis",
			"text-emphasis-color",
			"text-emphasis-style",
			"text-emphasis-position",
			"text-indent",
			"text-justify",
			"letter-spacing",
			"word-spacing",
			"text-outline",
			"text-transform",
			"text-wrap",
			"text-overflow",
			"text-overflow-ellipsis",
			"text-overflow-mode",
			"word-wrap",
			"overflow-wrap",
			"word-break",
			"tab-size",
			"hyphens",

			"list-style",
			"list-style-position",
			"list-style-type",
			"list-style-image",

			"content",
			"quotes",

			"box-sizing",
			"width",
			"min-width",
			"max-width",
			"height",
			"min-height",
			"max-height",
			"padding",
			"padding-top",
			"padding-right",
			"padding-bottom",
			"padding-left",
			"border",
			"border-width",
			"border-style",
			"border-color",
			"border-top",
			"border-top-width",
			"border-top-style",
			"border-top-color",
			"border-right",
			"border-right-width",
			"border-right-style",
			"border-right-color",
			"border-bottom",
			"border-bottom-width",
			"border-bottom-style",
			"border-bottom-color",
			"border-left",
			"border-left-width",
			"border-left-style",
			"border-left-color",
			"border-radius",
			"border-top-left-radius",
			"border-top-right-radius",
			"border-bottom-right-radius",
			"border-bottom-left-radius",
			"border-image",
			"border-image-source",
			"border-image-slice",
			"border-image-width",
			"border-image-outset",
			"border-image-repeat",
			"table-layout",
			"empty-cells",
			"caption-side",
			"border-spacing",
			"border-collapse",
			"margin",
			"margin-top",
			"margin-right",
			"margin-bottom",
			"margin-left",
			"outline",
			"outline-width",
			"outline-style",
			"outline-color",
			"outline-offset",
			
			"opacity",
			"filter:progid:DXImageTransform.Microsoft.Alpha(Opacity",
			"-ms-filter:\\'progid:DXImageTransform.Microsoft.Alpha",
			"-ms-interpolation-mode",
			"background",
			"filter:progid:DXImageTransform.Microsoft.AlphaImageLoader",
			"background-color",
			"background-image",
			"background-repeat",
			"background-attachment",
			"background-position",
			"background-position-x",
			"background-position-y",
			"background-clip",
			"background-origin",
			"background-size",
			"filter:progid:DXImageTransform.Microsoft.gradient",
			"-ms-filter:\\'progid:DXImageTransform.Microsoft.gradient",
			"box-decoration-break",
			"box-shadow",

			"counter-reset",
			"counter-increment",
			"resize",
			"cursor",
			"user-select",
			"nav-index",
			"nav-up",
			"nav-right",
			"nav-down",
			"nav-left",
			"pointer-events"
		]
	]
}